<?xml version="1.0" encoding="utf-8"?>
<extension type="plugin" version="1.0" method="upgrade" group="hikashoppayment">
	<name>DT Hikashop FastSpring Payment Plugin</name>
	<creationDate>16 Feb 2017</creationDate>
	<version>1.0.0</version>
	<author>Deligence Technologies</author>
	<authorEmail>info@deligence.com</authorEmail>
	<authorUrl>http://www.deligence.com</authorUrl>
	<copyright>(C) 2014-2017 Deligence Technologies Pvt Ltd. All rights reserved.</copyright>
	<license>http://www.gnu.org/licenses/gpl-2.0.html GNU/GPL</license>
	<description>This plugin enables you to setup your FastSpring payment gateway with Hikashop</description>
	<files>
		<filename plugin="fastspring">fastspring.php</filename>
		<filename>fastspring_end.php</filename>
	</files>
	<media folder="media" destination="com_hikashop/images/payment/fs">
		<filename>FastSpring.png</filename>
	</media>
	<params addpath="/components/com_hikashop/params">
		<param name="pluginoptions" type="pluginoptions" default="plugin" label="hikashop" description="HikaShop options" />
	</params>
	<config>
		<fields name="params" addfieldpath="/components/com_hikashop/fields">
			<fieldset name="basic">
				<field id="pluginoptions" name="pluginoptions" type="pluginoptions" label="hikashop" description="HikaShop options" />
			</fieldset>
		</fields>
	</config>
	<updateservers>
    	<server type="collection">http://deligence.com/extension.xml</server>
    	<server type="extension" priority="2" name="My Extension's Updates">http://deligence.com/extension.xml</server>
 	</updateservers>
</extension>